name	size	refs	prompt
A3_s0	1536x1024		tools/prompts/A3/s0.txt
A3_s1	1536x1024		tools/prompts/A3/s1.txt
A3_s2	1536x1024		tools/prompts/A3/s2.txt
A3_s3	1536x1024		tools/prompts/A3/s3.txt
A3_s4	1536x1024		tools/prompts/A3/s4.txt
A3_s5	1536x1024		tools/prompts/A3/s5.txt
A3_s6	1536x1024		tools/prompts/A3/s6.txt
A3_s7	1536x1024		tools/prompts/A3/s7.txt
A3_s8	1536x1024		tools/prompts/A3/s8.txt
A3_s9	1536x1024		tools/prompts/A3/s9.txt
A3_s10	1536x1024		tools/prompts/A3/s10.txt
A3_s11	1536x1024		tools/prompts/A3/s11.txt
A3_s12	1536x1024		tools/prompts/A3/s12.txt
