level,stage,role,items_before,items_after,best_before,best_after,typical_before,typical_after,typical_in_bundle_order_after,all_wrong_before,all_wrong_after,slow_before,slow_after,chars_plain_after,chars_side_after,chars_orig_hangul_after,chars_orig_hanja_after
m,s0,prologue,2,2,8.3,8.3,8.8,8.8,8.8,9.6,9.6,10.7,10.7,1491,373,49,17
m,s2,bundle,7,6,18.9,16.2,20.5,17.6,17.6,23.3,19.8,25.2,22.0,2663,1141,57,351
m,s3,bundle,5,5,11.8,11.3,12.9,12.4,12.2,14.6,14.1,15.9,15.3,1873,727,58,204
m,s9,bundle,2,2,10.2,9.9,10.7,10.5,10.5,11.6,11.3,13.9,13.7,1767,847,82,51
m,s12,bundle,3,3,9.8,9.8,10.7,10.7,10.7,12.3,12.3,13.8,13.8,2186,690,0,0
h1,s0,prologue,2,2,7.5,7.5,8.0,8.0,8.0,8.7,8.7,9.5,9.5,1491,373,49,17
h1,s4,bundle,5,5,11.9,11.5,13.1,12.7,12.5,15.2,14.8,16.3,15.8,2146,1079,94,2
h1,s5,bundle,5,5,10.4,10.4,11.5,11.5,11.4,13.7,13.7,14.5,14.5,1902,1081,160,21
h1,s6,bundle,3,3,10.4,10.2,11.0,10.8,10.6,12.2,12.0,13.8,13.5,2038,924,139,23
h1,s9,bundle,3,3,13.7,13.2,14.4,13.9,13.6,15.4,14.9,17.5,16.9,2094,1054,117,54
h1,s12,bundle,3,3,11.7,11.4,12.6,12.2,12.2,13.9,13.6,15.7,15.3,2595,983,0,0
h1,s10,optional,5,5,15.0,13.8,16.2,15.0,14.5,18.1,16.9,20.4,18.8,2590,1362,226,70
h23,s0,prologue,2,2,7.6,7.6,8.1,8.1,8.1,8.8,8.8,9.6,9.6,1516,373,49,17
h23,s1,bundle,3,3,9.5,9.5,10.3,10.3,10.3,11.6,11.6,13.1,13.1,2001,969,0,67
h23,s4,bundle,6,6,12.6,12.1,14.0,13.6,13.4,16.6,16.1,17.3,16.9,2351,1122,94,2
h23,s5,bundle,5,5,10.4,10.4,11.6,11.6,11.4,13.7,13.7,14.7,14.7,1886,1146,160,21
h23,s6,bundle,5,5,11.7,11.5,12.8,12.6,12.1,14.8,14.6,15.9,15.7,2425,1014,139,23
h23,s7,bundle,5,5,11.0,10.9,12.1,12.0,12.0,13.8,13.7,14.8,14.7,2057,904,161,28
h23,s8,bundle,4,4,13.7,13.1,14.7,14.1,13.9,16.4,15.8,17.5,16.8,2492,793,237,50
h23,s9,bundle,3,3,13.7,13.2,14.4,13.9,13.6,15.4,14.9,17.5,16.9,2094,1054,117,54
h23,s10,bundle,6,6,16.1,14.9,17.4,16.3,15.6,19.7,18.6,21.9,20.3,2862,1418,226,70
h23,s11,bundle,10,10,21.6,19.5,23.9,21.8,21.4,27.9,25.8,29.4,26.9,3532,1800,442,10
h23,s12,bundle,3,3,11.7,11.4,12.6,12.2,12.2,13.9,13.6,15.7,15.3,2595,983,0,0
